area,title,created,completed
advisory,Ajuizar ação de cobrança — Startup Alfa,2025-09-01,2025-09-12
advisory,Análise contratual — Construtora Exemplo,2025-09-01,2025-09-05
advisory,Elaboração de aditivo — Startup Alfa,2025-09-02,2025-09-11
advisory,Elaboração de contrato de prestação de serviços — Loja Fictícia,2025-09-04,2025-09-11
advisory,Parecer sobre garantia — Empresa Zeta,2025-09-10,2025-09-18
advisory,Consulta sobre marca — Clínica Beta,2025-09-15,2025-09-16
advisory,Notificação extrajudicial — Empresa Zeta,2025-09-25,2025-10-01
advisory,Reunião de alinhamento com Startup Alfa,2025-09-29,2025-10-01
advisory,Ajuizar ação de cobrança — Clínica Beta,2025-10-02,2025-10-14
advisory,Contestação — processo nº 8214366-47.2099.8.26.0726,2025-10-02,2025-10-03
advisory,Elaboração de aditivo — Startup Alfa,2025-10-02,2025-10-10
advisory,Contestação — processo nº 5688643-56.2099.8.26.0279,2025-10-03,2025-10-13
advisory,Elaboração de contrato de prestação de serviços — Construtora Exemplo,2025-10-06,2025-10-13
advisory,Revisão do contrato de fornecimento — Loja Fictícia,2025-10-07,2025-10-14
advisory,Elaboração de contrato de prestação de serviços — Loja Fictícia,2025-10-13,2025-10-16
advisory,Parecer sobre responsabilidade dos sócios — Incorporadora Modelo,2025-10-13,2025-10-22
advisory,Consulta sobre rescisão — Empresa Zeta,2025-10-14,2025-10-15
advisory,Revisão do contrato de fornecimento — Incorporadora Modelo,2025-10-14,2025-10-20
advisory,Ajuizar ação de cobrança — Loja Fictícia,2025-10-17,2025-10-31
advisory,Elaboração de contrato de prestação de serviços — Clínica Beta,2025-10-17,2025-10-23
advisory,Manifestação nos autos — processo nº 4231106-19.2099.8.26.0867,2025-10-20,2025-10-23
advisory,Manifestação nos autos — processo nº 1179700-36.2099.8.26.0629,2025-10-22,2025-10-28
advisory,Parecer sobre garantia — Construtora Exemplo,2025-10-24,2025-10-31
advisory,Contestação — processo nº 8304749-79.2099.8.26.0855,2025-10-27,2025-11-04
advisory,Reunião de alinhamento com Empresa Zeta,2025-10-27,2025-10-29
advisory,Manifestação nos autos — processo nº 4290652-93.2099.8.26.0267,2025-11-05,2025-11-11
advisory,Manifestação nos autos — processo nº 1724229-77.2099.8.26.0768,2025-11-07,2025-11-11
advisory,Contestação — processo nº 6582782-66.2099.8.26.0324,2025-11-10,2025-11-18
advisory,Manifestação nos autos — processo nº 9399558-97.2099.8.26.0186,2025-11-10,2025-11-13
advisory,Ajuizar ação de cobrança — Startup Alfa,2025-11-12,2025-11-24
advisory,Parecer sobre rescisão — Loja Fictícia,2025-11-13,2025-11-25
advisory,Revisão do contrato de fornecimento — Startup Alfa,2025-11-13,2025-11-21
advisory,Análise contratual — Empresa Zeta,2025-11-17,2025-11-24
advisory,Consulta sobre responsabilidade dos sócios — Clínica Beta,2025-11-17,2025-11-18
advisory,Contestação — processo nº 0734642-75.2099.8.26.0643,2025-11-17,2025-11-28
advisory,Parecer sobre reajuste — Clínica Beta,2025-11-17,2025-11-26
advisory,Revisão do contrato de fornecimento — Loja Fictícia,2025-11-24,2025-11-28
advisory,Revisão do contrato de fornecimento — Clínica Beta,2025-11-25,2025-12-01
advisory,Contestação — processo nº 7049504-25.2099.8.26.0575,2025-11-26,2025-12-05
advisory,Revisão do contrato de fornecimento — Incorporadora Modelo,2025-12-01,2025-12-05
advisory,Contestação — processo nº 3961814-51.2099.8.26.0882,2025-12-03,2025-12-18
advisory,Ajuizar ação de cobrança — Loja Fictícia,2025-12-08,2025-12-19
advisory,Elaboração de contrato de prestação de serviços — Clínica Beta,2025-12-08,2025-12-12
advisory,Notificação extrajudicial — Empresa Zeta,2025-12-09,2025-12-16
advisory,Contestação — processo nº 6111082-70.2099.8.26.0032,2025-12-10,2025-12-15
advisory,Consulta sobre responsabilidade dos sócios — Empresa Zeta,2025-12-12,2025-12-15
advisory,Manifestação nos autos — processo nº 4858496-68.2099.8.26.0079,2025-12-12,2025-12-17
advisory,Manifestação nos autos — processo nº 7275368-63.2099.8.26.0072,2025-12-19,2025-12-24
advisory,Notificação extrajudicial — Loja Fictícia,2025-12-22,2025-12-25
advisory,Consulta sobre garantia — Empresa Zeta,2025-12-26,2025-12-29
advisory,Parecer sobre franquia — Empresa Zeta,2025-12-26,2026-01-01
advisory,Consulta sobre reajuste — Incorporadora Modelo,2025-12-29,2025-12-30
advisory,Contestação — processo nº 0677160-47.2099.8.26.0239,2025-12-29,2026-01-12
advisory,Reunião de alinhamento com Construtora Exemplo,2025-12-29,2026-01-01
advisory,Reunião de alinhamento com Incorporadora Modelo,2025-12-29,2026-01-01
advisory,Notificação extrajudicial — Empresa Zeta,2025-12-30,2026-01-05
advisory,Consulta sobre locação — Loja Fictícia,2026-01-01,2026-01-05
advisory,Manifestação nos autos — processo nº 4351420-79.2099.8.26.0430,2026-01-02,2026-01-07
advisory,Revisão do contrato de fornecimento — Loja Fictícia,2026-01-02,2026-01-07
advisory,Elaboração de aditivo — Startup Alfa,2026-01-05,2026-01-08
advisory,Manifestação nos autos — processo nº 0927927-12.2099.8.26.0199,2026-01-05,2026-01-09
advisory,Análise contratual — Clínica Beta,2026-01-07,2026-01-13
advisory,Notificação extrajudicial — Incorporadora Modelo,2026-01-12,2026-01-16
advisory,Reunião de alinhamento com Startup Alfa,2026-01-12,2026-01-14
advisory,Revisão do contrato de fornecimento — Loja Fictícia,2026-01-12,2026-01-13
advisory,Contestação — processo nº 1176277-74.2099.8.26.0920,2026-01-14,2026-01-26
advisory,Contestação — processo nº 7974282-77.2099.8.26.0241,2026-01-21,2026-01-30
advisory,Contestação — processo nº 5821783-12.2099.8.26.0964,2026-01-26,2026-02-02
advisory,Manifestação nos autos — processo nº 7823873-25.2099.8.26.0916,2026-01-26,2026-01-29
advisory,Revisão do contrato de fornecimento — Loja Fictícia,2026-01-29,2026-02-05
advisory,Ajuizar ação de cobrança — Clínica Beta,2026-01-30,2026-02-13
advisory,Consulta sobre responsabilidade dos sócios — Construtora Exemplo,2026-02-09,2026-02-10
advisory,Contestação — processo nº 3199139-33.2099.8.26.0669,2026-02-09,2026-02-16
advisory,Elaboração de contrato de prestação de serviços — Startup Alfa,2026-02-09,2026-02-16
advisory,Contestação — processo nº 7135636-19.2099.8.26.0276,2026-02-16,2026-02-25
advisory,Manifestação nos autos — processo nº 3274008-40.2099.8.26.0838,2026-02-16,2026-02-19
advisory,Elaboração de aditivo — Loja Fictícia,2026-02-17,2026-02-25
advisory,Consulta sobre marca — Startup Alfa,2026-02-23,2026-02-24
advisory,Notificação extrajudicial — Clínica Beta,2026-02-23,2026-02-27
advisory,Revisão do contrato de fornecimento — Empresa Zeta,2026-02-23,2026-02-27
advisory,Consulta sobre rescisão — Construtora Exemplo,2026-02-25,2026-02-26
advisory,Contestação — processo nº 4822308-26.2099.8.26.0757,2026-03-02,2026-03-10
advisory,Contestação — processo nº 3015986-99.2099.8.26.0799,2026-03-05,2026-03-13
advisory,Manifestação nos autos — processo nº 8860207-48.2099.8.26.0659,2026-03-05,2026-03-06
advisory,Notificação extrajudicial — Clínica Beta,2026-03-06,2026-03-17
advisory,Revisão do contrato de fornecimento — Incorporadora Modelo,2026-03-06,2026-03-13
advisory,Contestação — processo nº 3326757-19.2099.8.26.0615,2026-03-16,2026-03-30
advisory,Elaboração de contrato de prestação de serviços — Loja Fictícia,2026-03-16,2026-03-24
advisory,Contestação — processo nº 8279118-26.2099.8.26.0951,2026-03-17,2026-03-24
advisory,Elaboração de contrato de prestação de serviços — Startup Alfa,2026-03-23,2026-03-31
advisory,Parecer sobre garantia — Empresa Zeta,2026-03-23,2026-04-06
advisory,Revisão do contrato de fornecimento — Empresa Zeta,2026-03-23,2026-03-30
advisory,Revisão do contrato de fornecimento — Startup Alfa,2026-03-23,2026-03-31
advisory,Reunião de alinhamento com Incorporadora Modelo,2026-03-30,2026-04-02
advisory,Análise contratual — Startup Alfa,2026-03-31,2026-04-06
advisory,Contestação — processo nº 3822530-95.2099.8.26.0435,2026-04-06,2026-04-14
advisory,Contestação — processo nº 5706307-98.2099.8.26.0359,2026-04-06,2026-04-17
advisory,Notificação extrajudicial — Startup Alfa,2026-04-09,2026-04-15
advisory,Elaboração de aditivo — Incorporadora Modelo,2026-04-13,2026-04-21
advisory,Notificação extrajudicial — Clínica Beta,2026-04-13,2026-04-17
advisory,Elaboração de contrato de prestação de serviços — Construtora Exemplo,2026-04-14,2026-04-22
advisory,Revisão do contrato de fornecimento — Loja Fictícia,2026-04-15,2026-04-23
advisory,Contestação — processo nº 9035615-95.2099.8.26.0778,2026-04-17,2026-04-27
advisory,Consulta sobre rescisão — Clínica Beta,2026-04-20,2026-04-21
advisory,Manifestação nos autos — processo nº 3520485-36.2099.8.26.0077,2026-04-20,2026-04-24
advisory,Parecer sobre rescisão — Startup Alfa,2026-04-20,2026-04-28
advisory,Análise contratual — Incorporadora Modelo,2026-04-24,2026-04-30
advisory,Parecer sobre reajuste — Loja Fictícia,2026-04-24,2026-05-05
advisory,Contestação — processo nº 5232014-20.2099.8.26.0148,2026-04-27,2026-04-29
advisory,Manifestação nos autos — processo nº 2590040-29.2099.8.26.0535,2026-04-28,2026-05-04
advisory,Manifestação nos autos — processo nº 6352180-57.2099.8.26.0340,2026-04-28,2026-04-29
advisory,Notificação extrajudicial — Empresa Zeta,2026-05-01,2026-05-07
advisory,Manifestação nos autos — processo nº 9387084-35.2099.8.26.0861,2026-05-04,2026-05-06
advisory,Revisão do contrato de fornecimento — Incorporadora Modelo,2026-05-04,2026-05-08
advisory,Revisão do contrato de fornecimento — Empresa Zeta,2026-05-05,2026-05-07
advisory,Ajuizar ação de cobrança — Clínica Beta,2026-05-12,2026-05-21
advisory,Ajuizar ação de cobrança — Clínica Beta,2026-05-13,2026-05-26
advisory,Contestação — processo nº 4538613-54.2099.8.26.0823,2026-05-15,2026-05-26
advisory,Consulta sobre garantia — Clínica Beta,2026-05-18,2026-05-20
advisory,Consulta sobre responsabilidade dos sócios — Incorporadora Modelo,2026-05-18,2026-05-19
advisory,Revisão do contrato de fornecimento — Startup Alfa,2026-05-21,2026-05-26
advisory,Reunião de alinhamento com Clínica Beta,2026-05-25,2026-05-28
advisory,Elaboração de aditivo — Clínica Beta,2026-05-27,2026-06-02
advisory,Manifestação nos autos — processo nº 0621146-23.2099.8.26.0005,2026-05-28,2026-06-02
advisory,Consulta sobre responsabilidade dos sócios — Loja Fictícia,2026-06-01,2026-06-02
advisory,Consulta sobre distribuição de lucros — Startup Alfa,2026-06-09,2026-06-10
advisory,Revisão do contrato de fornecimento — Empresa Zeta,2026-06-16,2026-06-23
advisory,Revisão do contrato de fornecimento — Clínica Beta,2026-06-25,2026-07-02
advisory,Manifestação nos autos — processo nº 0175518-78.2099.8.26.0309,2026-06-26,2026-07-01
advisory,Contestação — processo nº 1227051-60.2099.8.26.0953,2026-06-29,2026-07-09
advisory,Elaboração de aditivo — Incorporadora Modelo,2026-06-30,2026-07-09
advisory,Análise contratual — Construtora Exemplo,2026-07-02,2026-07-10
advisory,Parecer sobre distribuição de lucros — Construtora Exemplo,2026-07-13,2026-07-21
advisory,Manifestação nos autos — processo nº 6678501-61.2099.8.26.0404,2026-07-14,2026-07-16
advisory,Notificação extrajudicial — Incorporadora Modelo,2026-07-16,2026-07-23
advisory,Manifestação nos autos — processo nº 4546976-41.2099.8.26.0394,2026-07-20,2026-07-21
advisory,Notificação extrajudicial — Clínica Beta,2026-07-20,2026-07-24
advisory,Análise contratual — Construtora Exemplo,2026-07-22,2026-07-28
advisory,Manifestação nos autos — processo nº 1668407-19.2099.8.26.0308,2026-07-23,2026-07-27
advisory,Consulta sobre rescisão — Construtora Exemplo,2026-07-28,2026-07-29
corporate,Elaboração de contrato — Grupo Gama,2025-09-02,2025-09-08
corporate,Consulta sobre franquia — Grupo Gama,2025-09-03,2025-09-04
corporate,Elaboração de contrato — Grupo Gama,2025-09-03,2025-09-10
corporate,Revisão da ata — Família Delta,2025-09-08,2025-09-10
corporate,Elaborar ata de assembleia — Holding Beta Participações,2025-09-15,2025-09-19
corporate,Elaboração de contrato — Família Delta,2025-09-15,2025-09-18
corporate,Revisão do acordo de sócios — Grupo Gama,2025-09-26,2025-10-06
corporate,Elaboração de contrato — Holding Beta Participações,2025-10-06,2025-10-13
corporate,Due diligence — Indústria Ômega,2025-10-10,2025-10-29
corporate,Consulta sobre marca — Grupo Gama,2025-10-15,2025-10-17
corporate,Elaborar parecer sobre garantia — Holding Beta Participações,2025-10-17,2025-10-30
corporate,Elaborar parecer sobre franquia — Família Delta,2025-10-31,2025-11-10
corporate,Elaboração de contrato — Holding Beta Participações,2025-11-07,2025-11-12
corporate,Revisão da ata — Indústria Ômega,2025-11-12,2025-11-14
corporate,Elaborar ata de assembleia — Indústria Ômega,2025-11-17,2025-11-20
corporate,Revisão da ata — Indústria Ômega,2025-11-17,2025-11-19
corporate,Elaborar notificação — Holding Beta Participações,2025-11-24,2025-11-28
corporate,Elaborar parecer sobre marca — Família Delta,2025-11-26,2025-12-03
corporate,Elaboração de contrato — Grupo Gama,2025-11-26,2025-12-04
corporate,Due diligence — Indústria Ômega,2025-11-27,2025-12-11
corporate,Elaborar parecer sobre marca — Holding Beta Participações,2025-12-22,2026-01-05
corporate,Elaborar ata de assembleia — Holding Beta Participações,2025-12-23,2025-12-24
corporate,Elaborar ata de assembleia — Família Delta,2026-01-05,2026-01-08
corporate,Elaborar ata de assembleia — Grupo Gama,2026-01-05,2026-01-08
corporate,Revisão do acordo de sócios — Indústria Ômega,2026-01-08,2026-01-19
corporate,Revisão da ata — Holding Beta Participações,2026-01-12,2026-01-13
corporate,Revisão do acordo de sócios — Família Delta,2026-01-12,2026-01-19
corporate,Revisão do acordo de sócios — Grupo Gama,2026-01-22,2026-01-27
corporate,Elaboração de contrato — Família Delta,2026-01-30,2026-02-10
corporate,Revisão da ata — Indústria Ômega,2026-02-02,2026-02-05
corporate,Elaborar parecer sobre responsabilidade dos sócios — Holding Beta Participações,2026-02-03,2026-02-13
corporate,Due diligence — Família Delta,2026-02-11,2026-02-26
corporate,Revisão da ata — Família Delta,2026-02-11,2026-02-16
corporate,Elaborar parecer sobre distribuição de lucros — Indústria Ômega,2026-02-12,2026-02-25
corporate,Consulta sobre franquia — Grupo Gama,2026-02-16,2026-02-17
corporate,Elaboração de contrato — Família Delta,2026-02-26,2026-03-10
corporate,Elaborar parecer sobre franquia — Holding Beta Participações,2026-03-02,2026-03-16
corporate,Elaborar ata de assembleia — Família Delta,2026-03-04,2026-03-09
corporate,Elaboração de contrato — Grupo Gama,2026-03-10,2026-03-18
corporate,Revisão do acordo de sócios — Holding Beta Participações,2026-03-16,2026-03-24
corporate,Consulta sobre locação — Família Delta,2026-03-19,2026-03-20
corporate,Elaborar notificação — Holding Beta Participações,2026-03-24,2026-03-26
corporate,Due diligence — Holding Beta Participações,2026-03-25,2026-04-15
corporate,Consulta sobre franquia — Grupo Gama,2026-03-27,2026-03-30
corporate,Due diligence — Indústria Ômega,2026-03-30,2026-04-21
corporate,Elaborar parecer sobre garantia — Indústria Ômega,2026-04-01,2026-04-13
corporate,Consulta sobre locação — Família Delta,2026-04-13,2026-04-14
corporate,Consulta sobre reajuste — Indústria Ômega,2026-04-13,2026-04-15
corporate,Elaborar ata de assembleia — Família Delta,2026-04-20,2026-04-27
corporate,Due diligence — Indústria Ômega,2026-04-22,2026-05-12
corporate,Elaborar parecer sobre rescisão — Grupo Gama,2026-04-24,2026-05-06
corporate,Revisão da ata — Indústria Ômega,2026-05-01,2026-05-05
corporate,Due diligence — Holding Beta Participações,2026-05-04,2026-05-21
corporate,Revisão da ata — Grupo Gama,2026-05-18,2026-05-20
corporate,Elaborar parecer sobre garantia — Holding Beta Participações,2026-05-20,2026-05-28
corporate,Consulta sobre marca — Holding Beta Participações,2026-05-25,2026-05-26
corporate,Elaborar ata de assembleia — Grupo Gama,2026-05-25,2026-05-27
corporate,Consulta sobre distribuição de lucros — Família Delta,2026-05-26,2026-05-27
corporate,Elaboração de contrato — Grupo Gama,2026-06-01,2026-06-10
corporate,Consulta sobre reajuste — Grupo Gama,2026-06-09,2026-06-11
corporate,Revisão do acordo de sócios — Grupo Gama,2026-06-17,2026-06-25
corporate,Due diligence — Grupo Gama,2026-06-23,2026-07-10
corporate,Due diligence — Indústria Ômega,2026-06-29,2026-07-17
corporate,Elaborar notificação — Indústria Ômega,2026-07-06,2026-07-07
corporate,Consulta sobre garantia — Família Delta,2026-07-13,2026-07-14
corporate,Due diligence — Indústria Ômega,2026-07-13,2026-07-27
corporate,Revisão do acordo de sócios — Grupo Gama,2026-07-16,2026-07-24
corporate,Elaborar ata de assembleia — Indústria Ômega,2026-07-23,2026-07-29
corporate,Elaboração de contrato — Família Delta,2026-07-23,2026-07-30
corporate,Elaborar ata de assembleia — Família Delta,2026-07-27,2026-07-30
